row,column,lab,l,a,b,season,Season
0,0,"(88.31, 1.5, 14.22)",88.31,1.5,14.22,lsp,Light Spring
0,1,"(85.78, 1.83, 9.48)",85.78,1.83,9.48,lsp,Light Spring
0,2,"(87.18, 2.45, 17.88)",87.18,2.45,17.88,lsp,Light Spring
0,3,"(84.35, 0.5, 22.2)",84.35,0.5,22.2,lsp,Light Spring
0,4,"(77.7, 3.09, 21.28)",77.7,3.09,21.28,lsp,Light Spring
0,5,"(80.13, 26.39, 3.22)",80.13,26.39,3.22,lsp,Light Spring
0,6,"(66.91, 47.3, 2.66)",66.91,47.3,2.66,lsp,Light Spring
0,7,"(59.87, 61.75, 10.91)",59.87,61.75,10.91,lsp,Light Spring
0,8,"(64.65, 49.91, 9.59)",64.65,49.91,9.59,lsp,Light Spring
0,9,"(51.7, 62.69, 22.39)",51.7,62.69,22.39,lsp,Light Spring
1,0,"(83.02, 11.22, 13.62)",83.02,11.22,13.62,lsp,Light Spring
1,1,"(78.47, 19.75, 22.83)",78.47,19.75,22.83,lsp,Light Spring
1,2,"(80.9, -3.47, 17.69)",80.9,-3.47,17.69,lsp,Light Spring
1,3,"(66.75, -6.16, 14.66)",66.75,-6.16,14.66,lsp,Light Spring
1,4,"(45.83, -2.53, 3.5)",45.83,-2.53,3.5,lsp,Light Spring
1,5,"(83.3, -21.7, 29.59)",83.3,-21.7,29.59,lsp,Light Spring
1,6,"(77.64, -29.81, 28.34)",77.64,-29.81,28.34,lsp,Light Spring
1,7,"(72.63, -39.62, 34.05)",72.63,-39.62,34.05,lsp,Light Spring
1,8,"(67.35, -49.89, 41.08)",67.35,-49.89,41.08,lsp,Light Spring
1,9,"(59.38, -47.66, 18.05)",59.38,-47.66,18.05,lsp,Light Spring
2,0,"(79.55, -0.33, 7.73)",79.55,-0.33,7.73,lsp,Light Spring
2,1,"(72.16, -0.7, 6.62)",72.16,-0.7,6.62,lsp,Light Spring
2,2,"(51.58, 0.03, 5.52)",51.58,0.03,5.52,lsp,Light Spring
2,3,"(41.74, 1.2, 2.98)",41.74,1.2,2.98,lsp,Light Spring
2,4,"(38.53, 6.38, 9.47)",38.53,6.38,9.47,lsp,Light Spring
2,5,"(77.76, -24.83, -6.14)",77.76,-24.83,-6.14,lsp,Light Spring
2,6,"(72.11, -32.92, -8.25)",72.11,-32.92,-8.25,lsp,Light Spring
2,7,"(74.8, -31.22, 3.42)",74.8,-31.22,3.42,lsp,Light Spring
2,8,"(68.15, -42.12, 2.75)",68.15,-42.12,2.75,lsp,Light Spring
2,9,"(51.46, -29.44, 1.31)",51.46,-29.44,1.31,lsp,Light Spring
3,0,"(73.74, -1.23, 1.28)",73.74,-1.23,1.28,lsp,Light Spring
3,1,"(51.78, -0.36, 1.09)",51.78,-0.36,1.09,lsp,Light Spring
3,2,"(43.29, -2.7, 0.34)",43.29,-2.7,0.34,lsp,Light Spring
3,3,"(49.51, 3.8, 17.88)",49.51,3.8,17.88,lsp,Light Spring
3,4,"(43.55, 11.14, 14.97)",43.55,11.14,14.97,lsp,Light Spring
3,5,"(77.45, -10.41, -20.48)",77.45,-10.41,-20.48,lsp,Light Spring
3,6,"(70.02, -9.98, -27.62)",70.02,-9.98,-27.62,lsp,Light Spring
3,7,"(75.97, -20.66, -19.08)",75.97,-20.66,-19.08,lsp,Light Spring
3,8,"(66.65, -26.11, -22.02)",66.65,-26.11,-22.02,lsp,Light Spring
3,9,"(53.47, -23.39, -15.67)",53.47,-23.39,-15.67,lsp,Light Spring
4,0,"(88.81, -5.98, 53.53)",88.81,-5.98,53.53,lsp,Light Spring
4,1,"(86.13, 1.72, 47.95)",86.13,1.72,47.95,lsp,Light Spring
4,2,"(82.89, 2.95, 52.58)",82.89,2.95,52.58,lsp,Light Spring
4,3,"(86.16, 7.36, 36.89)",86.16,7.36,36.89,lsp,Light Spring
4,4,"(81.55, 8.2, 51.09)",81.55,8.2,51.09,lsp,Light Spring
4,5,"(70.44, -2.28, -27.42)",70.44,-2.28,-27.42,lsp,Light Spring
4,6,"(56.79, 6.03, -35.42)",56.79,6.03,-35.42,lsp,Light Spring
4,7,"(41.42, 9.31, -41.98)",41.42,9.31,-41.98,lsp,Light Spring
4,8,"(43.05, -4.55, -31.77)",43.05,-4.55,-31.77,lsp,Light Spring
4,9,"(34.53, 6.7, -33.78)",34.53,6.7,-33.78,lsp,Light Spring
5,0,"(80.15, 14.66, 25.59)",80.15,14.66,25.59,lsp,Light Spring
5,1,"(73.3, 29.12, 38.62)",73.3,29.12,38.62,lsp,Light Spring
5,2,"(71.46, 33.62, 26.84)",71.46,33.62,26.84,lsp,Light Spring
5,3,"(61.83, 50.67, 29.25)",61.83,50.67,29.25,lsp,Light Spring
5,4,"(56.78, 54.89, 30.39)",56.78,54.89,30.39,lsp,Light Spring
5,5,"(70.48, 11.83, -20.56)",70.48,11.83,-20.56,lsp,Light Spring
5,6,"(58.61, 20.05, -27.8)",58.61,20.05,-27.8,lsp,Light Spring
5,7,"(37.16, 20.5, -28.16)",37.16,20.5,-28.16,lsp,Light Spring
5,8,"(90.08, 0.03, -1.08)",90.08,0.03,-1.08,lsp,Light Spring
5,9,"(81.76, -0.59, 30.06)",81.76,-0.59,30.06,lsp,Light Spring
6,0,"(73.93, 31.12, 7.73)",73.93,31.12,7.73,lsp,Light Spring
6,1,"(73.79, 32.52, 14.19)",73.79,32.52,14.19,lsp,Light Spring
6,2,"(67.08, 43.28, 19.78)",67.08,43.28,19.78,lsp,Light Spring
6,3,"(60.81, 54.69, 21.66)",60.81,54.69,21.66,lsp,Light Spring
6,4,"(55.47, 59.91, 21.16)",55.47,59.91,21.16,lsp,Light Spring
6,5,"(70.9, 36.78, -2.78)",70.9,36.78,-2.78,lsp,Light Spring
6,6,"(70.9, 36.78, -2.78)",70.9,36.78,-2.78,lsp,Light Spring
6,7,"(67.84, 26.61, -2.62)",67.84,26.61,-2.62,lsp,Light Spring
6,8,"(70.67, 30.08, -3.84)",70.67,30.08,-3.84,lsp,Light Spring
6,9,"(68.23, 22.77, -3.8)",68.23,22.77,-3.8,lsp,Light Spring
0,0,"(90.25, 0.52, 15.98)",90.25,0.52,15.98,tsp,True Spring
0,1,"(85.55, 5.42, 10.8)",85.55,5.42,10.8,tsp,True Spring
0,2,"(87.24, 6.61, 26.97)",87.24,6.61,26.97,tsp,True Spring
0,3,"(79.0, 4.14, 40.7)",79.0,4.14,40.7,tsp,True Spring
0,4,"(74.28, 11.38, 29.02)",74.28,11.38,29.02,tsp,True Spring
0,5,"(75.16, -51.95, 35.58)",75.16,-51.95,35.58,tsp,True Spring
0,6,"(70.33, -50.73, 31.27)",70.33,-50.73,31.27,tsp,True Spring
0,7,"(74.85, -46.0, 9.2)",74.85,-46.0,9.2,tsp,True Spring
0,8,"(59.06, -43.42, 11.0)",59.06,-43.42,11.0,tsp,True Spring
0,9,"(43.96, -32.94, 6.81)",43.96,-32.94,6.81,tsp,True Spring
1,0,"(78.3, -2.3, 3.14)",78.3,-2.3,3.14,tsp,True Spring
1,1,"(69.36, 0.03, 6.94)",69.36,0.03,6.94,tsp,True Spring
1,2,"(61.94, -3.3, 8.28)",61.94,-3.3,8.28,tsp,True Spring
1,3,"(50.63, 1.03, 6.5)",50.63,1.03,6.5,tsp,True Spring
1,4,"(32.8, 3.84, 7.36)",32.8,3.84,7.36,tsp,True Spring
1,5,"(76.14, -41.06, 3.61)",76.14,-41.06,3.61,tsp,True Spring
1,6,"(68.14, -42.03, 1.62)",68.14,-42.03,1.62,tsp,True Spring
1,7,"(71.91, -42.14, -4.86)",71.91,-42.14,-4.86,tsp,True Spring
1,8,"(60.93, -35.52, -4.52)",60.93,-35.52,-4.52,tsp,True Spring
1,9,"(54.0, -31.66, -6.28)",54.0,-31.66,-6.28,tsp,True Spring
2,0,"(80.58, -4.44, 30.44)",80.58,-4.44,30.44,tsp,True Spring
2,1,"(71.14, 3.03, 24.39)",71.14,3.03,24.39,tsp,True Spring
2,2,"(63.17, 7.12, 30.62)",63.17,7.12,30.62,tsp,True Spring
2,3,"(38.59, 8.98, 21.83)",38.59,8.98,21.83,tsp,True Spring
2,4,"(22.69, 9.22, 9.25)",22.69,9.22,9.25,tsp,True Spring
2,5,"(73.85, 27.19, 20.73)",73.85,27.19,20.73,tsp,True Spring
2,6,"(63.87, 47.95, 38.03)",63.87,47.95,38.03,tsp,True Spring
2,7,"(67.05, 46.83, 25.75)",67.05,46.83,25.75,tsp,True Spring
2,8,"(54.44, 58.55, 33.67)",54.44,58.55,33.67,tsp,True Spring
2,9,"(50.81, 63.77, 34.25)",50.81,63.77,34.25,tsp,True Spring
3,0,"(79.87, 18.0, 24.23)",79.87,18.0,24.23,tsp,True Spring
3,1,"(68.2, 19.47, 31.92)",68.2,19.47,31.92,tsp,True Spring
3,2,"(38.69, 28.5, 24.48)",38.69,28.5,24.48,tsp,True Spring
3,3,"(35.17, 24.78, 18.3)",35.17,24.78,18.3,tsp,True Spring
3,4,"(25.79, 17.97, 10.59)",25.79,17.97,10.59,tsp,True Spring
3,5,"(75.47, -3.45, -23.44)",75.47,-3.45,-23.44,tsp,True Spring
3,6,"(63.25, 0.16, -33.7)",63.25,0.16,-33.7,tsp,True Spring
3,7,"(53.28, 7.3, -41.58)",53.28,7.3,-41.58,tsp,True Spring
3,8,"(41.6, 3.56, -45.3)",41.6,3.56,-45.3,tsp,True Spring
3,9,"(27.86, 1.41, -31.12)",27.86,1.41,-31.12,tsp,True Spring
4,0,"(82.97, 4.48, 35.53)",82.97,4.48,35.53,tsp,True Spring
4,1,"(85.8, -1.0, 42.23)",85.8,-1.0,42.23,tsp,True Spring
4,2,"(84.08, 0.28, 52.08)",84.08,0.28,52.08,tsp,True Spring
4,3,"(79.17, 2.12, 60.77)",79.17,2.12,60.77,tsp,True Spring
4,4,"(76.2, 8.45, 57.17)",76.2,8.45,57.17,tsp,True Spring
4,5,"(67.82, 29.22, -23.89)",67.82,29.22,-23.89,tsp,True Spring
4,6,"(52.36, 33.44, -32.94)",52.36,33.44,-32.94,tsp,True Spring
4,7,"(33.7, 31.66, -34.84)",33.7,31.66,-34.84,tsp,True Spring
4,8,"(30.18, 22.98, -41.91)",30.18,22.98,-41.91,tsp,True Spring
5,0,"(83.51, -20.02, 46.78)",83.51,-20.02,46.78,tsp,True Spring
5,1,"(74.71, -23.83, 56.66)",74.71,-23.83,56.66,tsp,True Spring
5,2,"(61.54, -20.72, 48.62)",61.54,-20.72,48.62,tsp,True Spring
5,3,"(60.85, -52.8, 40.3)",60.85,-52.8,40.3,tsp,True Spring
5,4,"(40.88, -34.52, 23.62)",40.88,-34.52,23.62,tsp,True Spring
5,5,"(48.27, 56.44, 24.45)",48.27,56.44,24.45,tsp,True Spring
5,6,"(51.89, 1.25, 7.16)",51.89,1.25,7.16,tsp,True Spring
5,7,"(80.16, 16.52, 21.39)",80.16,16.52,21.39,tsp,True Spring
5,8,"(75.83, 12.08, 45.42)",75.83,12.08,45.42,tsp,True Spring
5,9,"(41.75, 1.84, -43.3)",41.75,1.84,-43.3,tsp,True Spring
6,0,"(78.8, -48.89, 40.89)",78.8,-48.89,40.89,tsp,True Spring
6,1,"(72.91, -54.2, 49.11)",72.91,-54.2,49.11,tsp,True Spring
6,2,"(55.97, -54.19, 44.19)",55.97,-54.19,44.19,tsp,True Spring
6,3,"(47.2, -44.56, 26.03)",47.2,-44.56,26.03,tsp,True Spring
6,4,"(44.58, -37.98, 13.55)",44.58,-37.98,13.55,tsp,True Spring
0,0,"(89.89, -1.88, 7.53)",89.89,-1.88,7.53,bs,Bright Spring
0,1,"(87.39, -0.64, 9.67)",87.39,-0.64,9.67,bs,Bright Spring
0,2,"(86.99, 0.17, 15.98)",86.99,0.17,15.98,bs,Bright Spring
0,3,"(82.01, 0.81, 10.31)",82.01,0.81,10.31,bs,Bright Spring
0,4,"(78.7, -4.39, 8.03)",78.7,-4.39,8.03,bs,Bright Spring
0,5,"(75.2, 43.8, -8.28)",75.2,43.8,-8.28,bs,Bright Spring
0,6,"(69.31, 53.67, -8.23)",69.31,53.67,-8.23,bs,Bright Spring
0,7,"(56.43, 67.75, -2.98)",56.43,67.75,-2.98,bs,Bright Spring
0,8,"(63.18, 61.73, -2.11)",63.18,61.73,-2.11,bs,Bright Spring
0,9,"(45.78, 61.48, 7.5)",45.78,61.48,7.5,bs,Bright Spring
1,0,"(71.06, -1.58, 0.03)",71.06,-1.58,0.03,bs,Bright Spring
1,1,"(64.61, -4.16, 1.5)",64.61,-4.16,1.5,bs,Bright Spring
1,2,"(39.61, -2.73, 0.34)",39.61,-2.73,0.34,bs,Bright Spring
1,3,"(27.05, -3.88, -0.64)",27.05,-3.88,-0.64,bs,Bright Spring
1,4,"(12.19, 0.0, 0.0)",12.19,0.0,0.0,bs,Bright Spring
1,5,"(83.19, -23.78, 47.22)",83.19,-23.78,47.22,bs,Bright Spring
1,6,"(70.71, -32.3, 51.27)",70.71,-32.3,51.27,bs,Bright Spring
1,7,"(55.79, -40.67, 42.64)",55.79,-40.67,42.64,bs,Bright Spring
1,8,"(41.69, -34.78, 29.03)",41.69,-34.78,29.03,bs,Bright Spring
1,9,"(28.34, -20.91, 14.41)",28.34,-20.91,14.41,bs,Bright Spring
2,0,"(74.06, -0.19, 5.06)",74.06,-0.19,5.06,bs,Bright Spring
2,1,"(40.84, 2.34, 6.59)",40.84,2.34,6.59,bs,Bright Spring
2,2,"(18.58, 2.78, 1.03)",18.58,2.78,1.03,bs,Bright Spring
2,3,"(35.19, 3.23, -38.88)",35.19,3.23,-38.88,bs,Bright Spring
2,4,"(26.7, 1.58, -28.5)",26.7,1.58,-28.5,bs,Bright Spring
2,5,"(71.07, -59.09, 33.09)",71.07,-59.09,33.09,bs,Bright Spring
2,6,"(52.2, -46.86, 25.95)",52.2,-46.86,25.95,bs,Bright Spring
2,7,"(39.0, -36.59, 19.95)",39.0,-36.59,19.95,bs,Bright Spring
2,8,"(60.91, -50.42, 22.33)",60.91,-50.42,22.33,bs,Bright Spring
2,9,"(33.45, -28.55, 10.14)",33.45,-28.55,10.14,bs,Bright Spring
3,0,"(88.42, -5.91, 27.28)",88.42,-5.91,27.28,bs,Bright Spring
3,1,"(85.38, 15.16, 12.38)",85.38,15.16,12.38,bs,Bright Spring
3,2,"(85.95, -23.11, -0.8)",85.95,-23.11,-0.8,bs,Bright Spring
3,3,"(86.71, -17.19, -12.27)",86.71,-17.19,-12.27,bs,Bright Spring
3,4,"(78.7, 6.3, -21.53)",78.7,6.3,-21.53,bs,Bright Spring
3,5,"(78.34, -35.67, -11.89)",78.34,-35.67,-11.89,bs,Bright Spring
3,6,"(67.63, -36.16, -10.12)",67.63,-36.16,-10.12,bs,Bright Spring
3,7,"(50.05, -30.5, -3.73)",50.05,-30.5,-3.73,bs,Bright Spring
3,8,"(64.94, -28.33, -18.58)",64.94,-28.33,-18.58,bs,Bright Spring
3,9,"(38.04, -18.64, -12.16)",38.04,-18.64,-12.16,bs,Bright Spring
4,0,"(85.46, 2.77, 60.34)",85.46,2.77,60.34,bs,Bright Spring
4,1,"(82.54, 9.28, 51.91)",82.54,9.28,51.91,bs,Bright Spring
4,2,"(74.36, 14.33, 59.69)",74.36,14.33,59.69,bs,Bright Spring
4,3,"(67.5, 20.28, 44.16)",67.5,20.28,44.16,bs,Bright Spring
4,4,"(42.58, 45.77, 31.67)",42.58,45.77,31.67,bs,Bright Spring
4,5,"(62.8, -9.08, -36.75)",62.8,-9.08,-36.75,bs,Bright Spring
4,6,"(45.94, 3.28, -47.06)",45.94,3.28,-47.06,bs,Bright Spring
4,7,"(57.48, 30.41, -36.28)",57.48,30.41,-36.28,bs,Bright Spring
4,8,"(41.22, 31.55, -40.28)",41.22,31.55,-40.28,bs,Bright Spring
4,9,"(24.29, 23.12, -37.33)",24.29,23.12,-37.33,bs,Bright Spring
5,0,"(77.14, 29.31, 10.27)",77.14,29.31,10.27,bs,Bright Spring
5,1,"(70.33, 41.7, 23.28)",70.33,41.7,23.28,bs,Bright Spring
5,2,"(57.33, 58.91, 30.75)",57.33,58.91,30.75,bs,Bright Spring
5,3,"(66.3, 47.56, 37.45)",66.3,47.56,37.45,bs,Bright Spring
5,4,"(53.16, 61.8, 33.84)",53.16,61.8,33.84,bs,Bright Spring
5,5,"(69.35, 45.36, -12.27)",69.35,45.36,-12.27,bs,Bright Spring
5,6,"(55.29, 59.81, -9.11)",55.29,59.81,-9.11,bs,Bright Spring
5,7,"(33.08, 45.67, -7.36)",33.08,45.67,-7.36,bs,Bright Spring
6,0,"(75.66, 34.05, -0.62)",75.66,34.05,-0.62,bs,Bright Spring
6,1,"(69.04, 47.08, 2.47)",69.04,47.08,2.47,bs,Bright Spring
6,2,"(52.76, 60.39, 13.62)",52.76,60.39,13.62,bs,Bright Spring
6,3,"(67.36, 50.97, 12.52)",67.36,50.97,12.52,bs,Bright Spring
6,4,"(50.67, 61.03, 19.62)",50.67,61.03,19.62,bs,Bright Spring
0,0,"(89.96, -1.39, 6.08)",89.96,-1.39,6.08,ls,Light Summer
0,1,"(84.37, -1.5, 9.98)",84.37,-1.5,9.98,ls,Light Summer
0,2,"(76.75, -1.42, 6.28)",76.75,-1.42,6.28,ls,Light Summer
0,3,"(65.45, 0.97, 6.77)",65.45,0.97,6.77,ls,Light Summer
0,4,"(52.53, 0.97, 4.0)",52.53,0.97,4.0,ls,Light Summer
0,5,"(81.32, -37.67, 8.56)",81.32,-37.67,8.56,ls,Light Summer
0,6,"(71.98, -52.28, 13.59)",71.98,-52.28,13.59,ls,Light Summer
0,7,"(59.97, -41.5, 6.41)",59.97,-41.5,6.41,ls,Light Summer
0,8,"(58.25, -44.34, 13.19)",58.25,-44.34,13.19,ls,Light Summer
0,9,"(38.68, -28.34, 7.14)",38.68,-28.34,7.14,ls,Light Summer
1,0,"(73.51, -2.08, -0.73)",73.51,-2.08,-0.73,ls,Light Summer
1,1,"(60.49, -3.75, -0.7)",60.49,-3.75,-0.7,ls,Light Summer
1,2,"(48.57, -2.22, -0.78)",48.57,-2.22,-0.78,ls,Light Summer
1,3,"(60.19, -6.27, -6.89)",60.19,-6.27,-6.89,ls,Light Summer
1,4,"(42.72, -6.09, -10.31)",42.72,-6.09,-10.31,ls,Light Summer
1,5,"(80.1, -40.39, 3.55)",80.1,-40.39,3.55,ls,Light Summer
1,6,"(72.43, -47.36, 3.48)",72.43,-47.36,3.48,ls,Light Summer
1,7,"(75.54, -41.28, -5.92)",75.54,-41.28,-5.92,ls,Light Summer
1,8,"(67.68, -39.23, -4.53)",67.68,-39.23,-4.53,ls,Light Summer
1,9,"(47.68, -28.38, -3.11)",47.68,-28.38,-3.11,ls,Light Summer
2,0,"(77.24, 1.05, 4.89)",77.24,1.05,4.89,ls,Light Summer
2,1,"(52.68, 10.38, 2.08)",52.68,10.38,2.08,ls,Light Summer
2,2,"(38.6, 7.38, 2.77)",38.6,7.38,2.77,ls,Light Summer
2,3,"(33.83, 6.91, 1.94)",33.83,6.91,1.94,ls,Light Summer
2,4,"(27.26, 15.34, -1.92)",27.26,15.34,-1.92,ls,Light Summer
2,5,"(78.31, -24.12, -16.64)",78.31,-24.12,-16.64,ls,Light Summer
2,6,"(67.95, -27.67, -18.94)",67.95,-27.67,-18.94,ls,Light Summer
2,7,"(71.47, -36.56, -12.02)",71.47,-36.56,-12.02,ls,Light Summer
2,8,"(59.99, -27.77, -14.34)",59.99,-27.77,-14.34,ls,Light Summer
2,9,"(49.71, -20.19, -17.34)",49.71,-20.19,-17.34,ls,Light Summer
3,0,"(88.19, 1.67, 23.5)",88.19,1.67,23.5,ls,Light Summer
3,1,"(85.49, 1.97, 27.52)",85.49,1.97,27.52,ls,Light Summer
3,2,"(87.18, -2.73, 39.98)",87.18,-2.73,39.98,ls,Light Summer
3,3,"(89.08, 1.02, 41.66)",89.08,1.02,41.66,ls,Light Summer
3,4,"(85.66, 4.62, 44.22)",85.66,4.62,44.22,ls,Light Summer
3,5,"(78.14, -13.95, -22.69)",78.14,-13.95,-22.69,ls,Light Summer
3,6,"(71.55, -11.14, -30.2)",71.55,-11.14,-30.2,ls,Light Summer
3,7,"(58.2, -5.02, -38.38)",58.2,-5.02,-38.38,ls,Light Summer
3,8,"(42.47, 0.36, -39.19)",42.47,0.36,-39.19,ls,Light Summer
3,9,"(36.93, -1.94, -33.08)",36.93,-1.94,-33.08,ls,Light Summer
4,0,"(68.93, 42.53, 15.7)",68.93,42.53,15.7,ls,Light Summer
4,1,"(58.0, 57.8, 24.11)",58.0,57.8,24.11,ls,Light Summer
4,2,"(63.34, 54.08, 18.39)",63.34,54.08,18.39,ls,Light Summer
4,3,"(51.45, 63.72, 24.48)",51.45,63.72,24.48,ls,Light Summer
4,4,"(43.63, 55.73, 16.56)",43.63,55.73,16.56,ls,Light Summer
4,5,"(69.91, 2.36, -28.2)",69.91,2.36,-28.2,ls,Light Summer
4,6,"(62.74, 4.88, -33.91)",62.74,4.88,-33.91,ls,Light Summer
4,7,"(50.51, 8.16, -41.41)",50.51,8.16,-41.41,ls,Light Summer
4,8,"(41.13, 5.27, -37.73)",41.13,5.27,-37.73,ls,Light Summer
4,9,"(29.44, 7.77, -36.39)",29.44,7.77,-36.39,ls,Light Summer
5,0,"(72.25, 38.5, 10.98)",72.25,38.5,10.98,ls,Light Summer
5,1,"(65.7, 50.56, 11.73)",65.7,50.56,11.73,ls,Light Summer
5,2,"(59.53, 59.34, 14.7)",59.53,59.34,14.7,ls,Light Summer
5,3,"(55.83, 62.02, 18.19)",55.83,62.02,18.19,ls,Light Summer
5,4,"(46.53, 62.89, 17.97)",46.53,62.89,17.97,ls,Light Summer
5,5,"(58.65, 22.45, -32.83)",58.65,22.45,-32.83,ls,Light Summer
5,6,"(42.83, 23.95, -34.78)",42.83,23.95,-34.78,ls,Light Summer
5,7,"(34.17, 19.83, -32.34)",34.17,19.83,-32.34,ls,Light Summer
6,0,"(76.6, 27.97, 4.5)",76.6,27.97,4.5,ls,Light Summer
6,1,"(72.77, 37.89, -1.59)",72.77,37.89,-1.59,ls,Light Summer
6,2,"(68.65, 49.12, 0.8)",68.65,49.12,0.8,ls,Light Summer
6,3,"(56.02, 55.97, 2.0)",56.02,55.97,2.0,ls,Light Summer
6,4,"(45.51, 46.03, 0.47)",45.51,46.03,0.47,ls,Light Summer
0,0,"(86.76, -1.56, 6.61)",86.76,-1.56,6.61,ts,True Summer
0,1,"(82.03, -0.19, 4.95)",82.03,-0.19,4.95,ts,True Summer
0,2,"(76.02, -1.42, 6.3)",76.02,-1.42,6.3,ts,True Summer
0,3,"(58.11, 0.75, 3.86)",58.11,0.75,3.86,ts,True Summer
0,4,"(37.55, 2.7, 4.22)",37.55,2.7,4.22,ts,True Summer
0,5,"(84.51, 23.08, -1.59)",84.51,23.08,-1.59,ts,True Summer
0,6,"(73.56, 32.31, -3.84)",73.56,32.31,-3.84,ts,True Summer
0,7,"(65.82, 32.61, -3.88)",65.82,32.61,-3.88,ts,True Summer
0,8,"(50.93, 40.36, -7.39)",50.93,40.36,-7.39,ts,True Summer
0,9,"(33.23, 40.5, -2.7)",33.23,40.5,-2.7,ts,True Summer
1,0,"(88.34, -6.69, 31.78)",88.34,-6.69,31.78,ts,True Summer
1,1,"(85.19, -4.75, 31.08)",85.19,-4.75,31.08,ts,True Summer
1,2,"(67.11, -5.44, 7.41)",67.11,-5.44,7.41,ts,True Summer
1,3,"(53.43, -3.31, 5.83)",53.43,-3.31,5.83,ts,True Summer
1,4,"(37.34, -0.17, 4.48)",37.34,-0.17,4.48,ts,True Summer
1,5,"(73.38, -36.03, 5.61)",73.38,-36.03,5.61,ts,True Summer
1,6,"(54.63, -34.78, 8.73)",54.63,-34.78,8.73,ts,True Summer
1,7,"(45.2, -32.27, 6.25)",45.2,-32.27,6.25,ts,True Summer
1,8,"(51.12, -31.17, -3.03)",51.12,-31.17,-3.03,ts,True Summer
1,9,"(33.39, -21.08, -4.27)",33.39,-21.08,-4.27,ts,True Summer
2,0,"(79.1, 0.0, 1.12)",79.1,0.0,1.12,ts,True Summer
2,1,"(72.18, 3.38, 1.78)",72.18,3.38,1.78,ts,True Summer
2,2,"(54.09, 3.97, 0.83)",54.09,3.97,0.83,ts,True Summer
2,3,"(42.13, 6.95, -0.61)",42.13,6.95,-0.61,ts,True Summer
2,4,"(29.46, 3.39, -1.47)",29.46,3.39,-1.47,ts,True Summer
2,5,"(75.67, -38.88, -0.28)",75.67,-38.88,-0.28,ts,True Summer
2,6,"(55.22, -35.03, 3.0)",55.22,-35.03,3.0,ts,True Summer
2,7,"(49.98, -38.91, 11.81)",49.98,-38.91,11.81,ts,True Summer
2,8,"(38.29, -31.66, 10.17)",38.29,-31.66,10.17,ts,True Summer
2,9,"(26.37, -22.17, 8.5)",26.37,-22.17,8.5,ts,True Summer
3,0,"(79.83, 3.31, 1.75)",79.83,3.31,1.75,ts,True Summer
3,1,"(68.24, 3.66, 4.8)",68.24,3.66,4.8,ts,True Summer
3,2,"(54.36, 10.78, 1.95)",54.36,10.78,1.95,ts,True Summer
3,3,"(35.33, 9.69, 0.44)",35.33,9.69,0.44,ts,True Summer
3,4,"(23.41, 7.69, -0.55)",23.41,7.69,-0.55,ts,True Summer
3,5,"(73.21, -21.42, -22.81)",73.21,-21.42,-22.81,ts,True Summer
3,6,"(52.47, -16.28, -24.11)",52.47,-16.28,-24.11,ts,True Summer
3,7,"(68.63, -31.44, -12.39)",68.63,-31.44,-12.39,ts,True Summer
3,8,"(54.32, -25.61, -13.81)",54.32,-25.61,-13.81,ts,True Summer
3,9,"(35.59, -15.8, -13.42)",35.59,-15.8,-13.42,ts,True Summer
4,0,"(71.15, -4.16, -4.31)",71.15,-4.16,-4.31,ts,True Summer
4,1,"(57.0, -2.62, -10.55)",57.0,-2.62,-10.55,ts,True Summer
4,2,"(66.99, -4.44, -5.61)",66.99,-4.44,-5.61,ts,True Summer
4,3,"(48.28, -1.3, -4.17)",48.28,-1.3,-4.17,ts,True Summer
4,4,"(29.21, -1.33, -4.53)",29.21,-1.33,-4.53,ts,True Summer
4,5,"(75.18, -8.53, -23.41)",75.18,-8.53,-23.41,ts,True Summer
4,6,"(66.47, -14.0, -23.27)",66.47,-14.0,-23.27,ts,True Summer
4,7,"(56.52, -8.05, -27.45)",56.52,-8.05,-27.45,ts,True Summer
4,8,"(44.69, -2.16, -32.69)",44.69,-2.16,-32.69,ts,True Summer
4,9,"(28.48, 1.02, -25.67)",28.48,1.02,-25.67,ts,True Summer
5,0,"(73.29, -9.95, -4.48)",73.29,-9.95,-4.48,ts,True Summer
5,1,"(56.17, -9.73, -3.84)",56.17,-9.73,-3.84,ts,True Summer
5,2,"(52.69, -14.84, -12.7)",52.69,-14.84,-12.7,ts,True Summer
5,3,"(42.75, -16.73, -12.84)",42.75,-16.73,-12.84,ts,True Summer
5,4,"(31.68, -12.05, -11.83)",31.68,-12.05,-11.83,ts,True Summer
5,5,"(69.1, 6.23, -22.8)",69.1,6.23,-22.8,ts,True Summer
5,6,"(54.7, 10.66, -27.2)",54.7,10.66,-27.2,ts,True Summer
5,7,"(33.05, 13.14, -26.45)",33.05,13.14,-26.45,ts,True Summer
5,9,"(73.95, 0.03, -1.12)",73.95,0.03,-1.12,ts,True Summer
6,0,"(64.72, 48.92, 12.53)",64.72,48.92,12.53,ts,True Summer
6,1,"(54.17, 57.53, 18.0)",54.17,57.53,18.0,ts,True Summer
6,2,"(60.86, 46.16, 6.7)",60.86,46.16,6.7,ts,True Summer
6,3,"(42.66, 47.34, 7.34)",42.66,47.34,7.34,ts,True Summer
6,4,"(28.85, 32.14, 4.19)",28.85,32.14,4.19,ts,True Summer
0,0,"(87.77, -1.89, 7.58)",87.77,-1.89,7.58,ss,Soft Summer
0,1,"(85.09, 0.25, 9.48)",85.09,0.25,9.48,ss,Soft Summer
0,2,"(79.13, -2.12, 6.0)",79.13,-2.12,6.0,ss,Soft Summer
0,3,"(60.33, 3.77, 4.92)",60.33,3.77,4.92,ss,Soft Summer
0,4,"(44.07, 4.06, 5.27)",44.07,4.06,5.27,ss,Soft Summer
0,5,"(86.1, -5.41, 30.25)",86.1,-5.41,30.25,ss,Soft Summer
0,6,"(80.96, -6.53, 35.56)",80.96,-6.53,35.56,ss,Soft Summer
0,7,"(73.03, -25.86, 13.95)",73.03,-25.86,13.95,ss,Soft Summer
0,8,"(56.81, -22.61, 6.39)",56.81,-22.61,6.39,ss,Soft Summer
0,9,"(34.17, -14.47, 2.67)",34.17,-14.47,2.67,ss,Soft Summer
1,0,"(76.88, 1.06, 4.91)",76.88,1.06,4.91,ss,Soft Summer
1,1,"(68.42, 0.64, 8.89)",68.42,0.64,8.89,ss,Soft Summer
1,2,"(54.86, 3.23, 6.92)",54.86,3.23,6.92,ss,Soft Summer
1,3,"(51.01, 9.3, 9.02)",51.01,9.3,9.02,ss,Soft Summer
1,4,"(27.75, 8.67, 1.97)",27.75,8.67,1.97,ss,Soft Summer
1,5,"(72.13, -23.12, 1.23)",72.13,-23.12,1.23,ss,Soft Summer
1,6,"(61.18, -27.94, 5.59)",61.18,-27.94,5.59,ss,Soft Summer
1,7,"(43.43, -20.06, 3.88)",43.43,-20.06,3.88,ss,Soft Summer
1,8,"(50.12, -22.77, -1.17)",50.12,-22.77,-1.17,ss,Soft Summer
1,9,"(32.11, -13.66, -1.64)",32.11,-13.66,-1.64,ss,Soft Summer
2,0,"(71.72, -0.36, 1.02)",71.72,-0.36,1.02,ss,Soft Summer
2,1,"(45.04, 0.06, -1.23)",45.04,0.06,-1.23,ss,Soft Summer
2,2,"(51.39, -0.56, 2.86)",51.39,-0.56,2.86,ss,Soft Summer
2,3,"(37.12, 2.88, 2.34)",37.12,2.88,2.34,ss,Soft Summer
2,4,"(26.78, 1.08, -0.3)",26.78,1.08,-0.3,ss,Soft Summer
2,5,"(71.81, -18.95, -11.27)",71.81,-18.95,-11.27,ss,Soft Summer
2,6,"(58.69, -17.88, -11.06)",58.69,-17.88,-11.06,ss,Soft Summer
2,7,"(45.89, -13.11, -7.98)",45.89,-13.11,-7.98,ss,Soft Summer
2,8,"(55.29, -18.91, -4.16)",55.29,-18.91,-4.16,ss,Soft Summer
2,9,"(32.09, -13.0, -6.77)",32.09,-13.0,-6.77,ss,Soft Summer
3,0,"(80.47, 22.06, 5.25)",80.47,22.06,5.25,ss,Soft Summer
3,1,"(72.2, 24.78, 11.69)",72.2,24.78,11.69,ss,Soft Summer
3,2,"(63.57, 23.72, 9.02)",63.57,23.72,9.02,ss,Soft Summer
3,3,"(59.16, 20.58, 5.84)",59.16,20.58,5.84,ss,Soft Summer
3,4,"(30.88, 26.83, 4.47)",30.88,26.83,4.47,ss,Soft Summer
3,5,"(74.74, -12.84, -11.09)",74.74,-12.84,-11.09,ss,Soft Summer
3,6,"(66.14, -15.8, -11.55)",66.14,-15.8,-11.55,ss,Soft Summer
3,7,"(50.43, -14.23, -13.8)",50.43,-14.23,-13.8,ss,Soft Summer
3,8,"(49.12, -6.8, -18.09)",49.12,-6.8,-18.09,ss,Soft Summer
3,9,"(27.97, -4.3, -11.03)",27.97,-4.3,-11.03,ss,Soft Summer
4,0,"(74.64, 35.78, 8.91)",74.64,35.78,8.91,ss,Soft Summer
4,1,"(66.36, 49.25, 13.83)",66.36,49.25,13.83,ss,Soft Summer
4,2,"(56.42, 55.75, 15.89)",56.42,55.75,15.89,ss,Soft Summer
4,3,"(47.63, 52.58, 12.44)",47.63,52.58,12.44,ss,Soft Summer
4,4,"(37.7, 42.16, 13.06)",37.7,42.16,13.06,ss,Soft Summer
4,5,"(71.21, 0.77, -12.42)",71.21,0.77,-12.42,ss,Soft Summer
4,6,"(60.87, 4.28, -19.36)",60.87,4.28,-19.36,ss,Soft Summer
4,7,"(52.41, 7.39, -20.98)",52.41,7.39,-20.98,ss,Soft Summer
4,8,"(40.77, 5.12, -16.83)",40.77,5.12,-16.83,ss,Soft Summer
4,9,"(23.23, 4.88, -12.34)",23.23,4.88,-12.34,ss,Soft Summer
5,0,"(75.43, 36.88, -0.36)",75.43,36.88,-0.36,ss,Soft Summer
5,1,"(65.83, 42.97, 6.02)",65.83,42.97,6.02,ss,Soft Summer
5,2,"(53.89, 56.27, 7.39)",53.89,56.27,7.39,ss,Soft Summer
5,3,"(39.54, 46.17, 8.94)",39.54,46.17,8.94,ss,Soft Summer
5,4,"(26.42, 23.16, 2.31)",26.42,23.16,2.31,ss,Soft Summer
5,5,"(65.11, 4.84, -9.42)",65.11,4.84,-9.42,ss,Soft Summer
5,6,"(53.11, 5.38, -9.98)",53.11,5.38,-9.98,ss,Soft Summer
5,7,"(32.37, 9.27, -8.53)",32.37,9.27,-8.53,ss,Soft Summer
6,0,"(73.22, 28.39, -1.67)",73.22,28.39,-1.67,ss,Soft Summer
6,1,"(64.77, 28.77, -0.45)",64.77,28.77,-0.45,ss,Soft Summer
6,2,"(54.3, 27.7, 1.64)",54.3,27.7,1.64,ss,Soft Summer
6,3,"(39.18, 29.44, -0.25)",39.18,29.44,-0.25,ss,Soft Summer
6,4,"(25.18, 16.23, -5.77)",25.18,16.23,-5.77,ss,Soft Summer
0,0,"(87.44, -1.22, 2.33)",87.44,-1.22,2.33,sa,Soft Autumn
0,1,"(88.17, -1.56, 6.59)",88.17,-1.56,6.59,sa,Soft Autumn
0,2,"(85.9, -0.53, 5.89)",85.9,-0.53,5.89,sa,Soft Autumn
0,3,"(77.17, -3.58, 12.83)",77.17,-3.58,12.83,sa,Soft Autumn
0,4,"(71.99, -2.27, 14.03)",71.99,-2.27,14.03,sa,Soft Autumn
0,5,"(84.64, 12.25, 11.22)",84.64,12.25,11.22,sa,Soft Autumn
0,6,"(76.43, 28.67, 18.5)",76.43,28.67,18.5,sa,Soft Autumn
0,7,"(64.98, 40.72, 17.23)",64.98,40.72,17.23,sa,Soft Autumn
0,8,"(50.82, 45.31, 21.64)",50.82,45.31,21.64,sa,Soft Autumn
0,9,"(34.47, 42.81, 19.3)",34.47,42.81,19.3,sa,Soft Autumn
1,0,"(78.71, -0.55, 4.88)",78.71,-0.55,4.88,sa,Soft Autumn
1,1,"(62.66, -1.45, 6.55)",62.66,-1.45,6.55,sa,Soft Autumn
1,2,"(42.29, -0.17, 4.38)",42.29,-0.17,4.38,sa,Soft Autumn
1,3,"(56.35, -1.66, 0.03)",56.35,-1.66,0.03,sa,Soft Autumn
1,4,"(27.78, -2.39, -0.83)",27.78,-2.39,-0.83,sa,Soft Autumn
1,5,"(81.9, 27.75, 1.58)",81.9,27.75,1.58,sa,Soft Autumn
1,6,"(76.91, 32.78, 5.08)",76.91,32.78,5.08,sa,Soft Autumn
1,7,"(61.88, 49.39, 10.05)",61.88,49.39,10.05,sa,Soft Autumn
1,8,"(49.1, 53.27, 14.62)",49.1,53.27,14.62,sa,Soft Autumn
1,9,"(32.59, 36.38, 11.17)",32.59,36.38,11.17,sa,Soft Autumn
2,0,"(67.55, -6.17, 17.45)",67.55,-6.17,17.45,sa,Soft Autumn
2,1,"(51.86, -6.56, 18.59)",51.86,-6.56,18.59,sa,Soft Autumn
2,2,"(33.72, 0.22, 7.98)",33.72,0.22,7.98,sa,Soft Autumn
2,3,"(59.2, -12.56, 19.09)",59.2,-12.56,19.09,sa,Soft Autumn
2,4,"(27.81, -5.42, 7.66)",27.81,-5.42,7.66,sa,Soft Autumn
2,5,"(80.17, -24.89, 6.03)",80.17,-24.89,6.03,sa,Soft Autumn
2,6,"(71.19, -27.2, 5.81)",71.19,-27.2,5.81,sa,Soft Autumn
2,7,"(50.71, -24.92, 6.12)",50.71,-24.92,6.12,sa,Soft Autumn
2,8,"(52.61, -29.03, -1.36)",52.61,-29.03,-1.36,sa,Soft Autumn
2,9,"(24.4, -14.08, 0.53)",24.4,-14.08,0.53,sa,Soft Autumn
3,0,"(73.49, 9.88, 26.27)",73.49,9.88,26.27,sa,Soft Autumn
3,1,"(65.81, 7.41, 26.06)",65.81,7.41,26.06,sa,Soft Autumn
3,2,"(52.92, 9.64, 19.92)",52.92,9.64,19.92,sa,Soft Autumn
3,3,"(38.87, 7.28, 15.52)",38.87,7.28,15.52,sa,Soft Autumn
3,4,"(23.56, 6.08, 3.02)",23.56,6.08,3.02,sa,Soft Autumn
3,5,"(72.1, -33.94, -2.27)",72.1,-33.94,-2.27,sa,Soft Autumn
3,6,"(61.07, -32.5, -1.44)",61.07,-32.5,-1.44,sa,Soft Autumn
3,7,"(36.38, -23.05, -3.55)",36.38,-23.05,-3.55,sa,Soft Autumn
3,8,"(42.3, -31.34, 11.66)",42.3,-31.34,11.66,sa,Soft Autumn
3,9,"(23.02, -18.58, 9.72)",23.02,-18.58,9.72,sa,Soft Autumn
4,0,"(45.97, 17.11, 14.98)",45.97,17.11,14.98,sa,Soft Autumn
4,1,"(41.28, 25.02, 9.62)",41.28,25.02,9.62,sa,Soft Autumn
4,2,"(28.86, 19.2, 12.41)",28.86,19.2,12.41,sa,Soft Autumn
4,3,"(25.96, 14.78, 4.09)",25.96,14.78,4.09,sa,Soft Autumn
4,4,"(23.35, 15.41, 0.89)",23.35,15.41,0.89,sa,Soft Autumn
4,5,"(66.72, -14.75, -22.89)",66.72,-14.75,-22.89,sa,Soft Autumn
4,6,"(48.73, -3.67, -33.92)",48.73,-3.67,-33.92,sa,Soft Autumn
4,7,"(29.75, -0.97, -26.83)",29.75,-0.97,-26.83,sa,Soft Autumn
4,8,"(47.78, 6.8, -33.58)",47.78,6.8,-33.58,sa,Soft Autumn
4,9,"(19.87, 12.64, -27.66)",19.87,12.64,-27.66,sa,Soft Autumn
5,0,"(83.37, 1.92, 29.78)",83.37,1.92,29.78,sa,Soft Autumn
5,1,"(83.19, 9.12, 28.16)",83.19,9.12,28.16,sa,Soft Autumn
5,2,"(82.83, 4.19, 31.17)",82.83,4.19,31.17,sa,Soft Autumn
5,3,"(76.95, 6.7, 35.45)",76.95,6.7,35.45,sa,Soft Autumn
5,4,"(70.75, 0.84, 29.98)",70.75,0.84,29.98,sa,Soft Autumn
5,5,"(61.08, 7.86, -25.22)",61.08,7.86,-25.22,sa,Soft Autumn
5,6,"(41.3, 9.41, -28.41)",41.3,9.41,-28.41,sa,Soft Autumn
5,7,"(21.8, 7.7, -19.27)",21.8,7.7,-19.27,sa,Soft Autumn
6,0,"(71.14, 29.88, 14.11)",71.14,29.88,14.11,sa,Soft Autumn
6,1,"(63.32, 43.77, 19.17)",63.32,43.77,19.17,sa,Soft Autumn
6,2,"(47.09, 42.42, 14.36)",47.09,42.42,14.36,sa,Soft Autumn
6,3,"(61.46, 39.5, 20.92)",61.46,39.5,20.92,sa,Soft Autumn
6,4,"(42.85, 33.58, 16.47)",42.85,33.58,16.47,sa,Soft Autumn
0,0,"(87.92, 1.44, 13.12)",87.92,1.44,13.12,ta,True Autumn
0,1,"(84.09, 1.83, 13.38)",84.09,1.83,13.38,ta,True Autumn
0,2,"(79.85, 0.56, 12.5)",79.85,0.56,12.5,ta,True Autumn
0,3,"(87.66, -0.7, 23.22)",87.66,-0.7,23.22,ta,True Autumn
0,4,"(85.27, 2.3, 31.39)",85.27,2.3,31.39,ta,True Autumn
0,5,"(74.31, 32.92, 31.89)",74.31,32.92,31.89,ta,True Autumn
0,6,"(64.83, 50.95, 26.67)",64.83,50.95,26.67,ta,True Autumn
0,7,"(64.64, 50.45, 27.52)",64.64,50.45,27.52,ta,True Autumn
0,8,"(57.15, 57.56, 36.7)",57.15,57.56,36.7,ta,True Autumn
0,9,"(46.82, 62.52, 35.88)",46.82,62.52,35.88,ta,True Autumn
1,0,"(85.46, 9.36, 13.94)",85.46,9.36,13.94,ta,True Autumn
1,1,"(81.17, 17.84, 19.12)",81.17,17.84,19.12,ta,True Autumn
1,2,"(75.37, -2.83, 6.95)",75.37,-2.83,6.95,ta,True Autumn
1,3,"(56.18, 0.75, 3.89)",56.18,0.75,3.89,ta,True Autumn
1,4,"(31.66, 8.36, 3.88)",31.66,8.36,3.88,ta,True Autumn
1,5,"(67.4, 35.56, 17.75)",67.4,35.56,17.75,ta,True Autumn
1,6,"(59.19, 52.12, 16.89)",59.19,52.12,16.89,ta,True Autumn
1,7,"(38.97, 44.72, 13.75)",38.97,44.72,13.75,ta,True Autumn
1,8,"(27.65, 33.47, 13.14)",27.65,33.47,13.14,ta,True Autumn
1,9,"(15.99, 14.11, 0.94)",15.99,14.11,0.94,ta,True Autumn
2,0,"(76.74, -5.72, 13.23)",76.74,-5.72,13.23,ta,True Autumn
2,1,"(56.29, -5.05, 11.14)",56.29,-5.05,11.14,ta,True Autumn
2,2,"(51.95, 2.78, 12.56)",51.95,2.78,12.56,ta,True Autumn
2,3,"(40.36, 1.84, 8.33)",40.36,1.84,8.33,ta,True Autumn
2,4,"(29.74, -0.08, 6.03)",29.74,-0.08,6.03,ta,True Autumn
2,5,"(74.63, -6.86, 28.98)",74.63,-6.86,28.98,ta,True Autumn
2,6,"(65.58, -13.55, 28.97)",65.58,-13.55,28.97,ta,True Autumn
2,7,"(62.46, -7.5, 45.16)",62.46,-7.5,45.16,ta,True Autumn
2,8,"(40.08, -1.16, 29.69)",40.08,-1.16,29.69,ta,True Autumn
2,9,"(22.55, -1.23, 12.72)",22.55,-1.23,12.72,ta,True Autumn
3,0,"(72.55, 6.03, 24.3)",72.55,6.03,24.3,ta,True Autumn
3,1,"(62.02, 6.03, 23.52)",62.02,6.03,23.52,ta,True Autumn
3,2,"(43.99, 4.81, 12.42)",43.99,4.81,12.42,ta,True Autumn
3,3,"(27.7, 6.19, 7.11)",27.7,6.19,7.11,ta,True Autumn
3,4,"(22.9, 7.33, 0.7)",22.9,7.33,0.7,ta,True Autumn
3,5,"(67.41, -28.67, 31.03)",67.41,-28.67,31.03,ta,True Autumn
3,6,"(42.36, -29.94, 29.44)",42.36,-29.94,29.44,ta,True Autumn
3,7,"(44.23, -35.38, 18.92)",44.23,-35.38,18.92,ta,True Autumn
3,8,"(31.49, -24.92, 11.2)",31.49,-24.92,11.2,ta,True Autumn
3,9,"(20.24, -13.09, 5.89)",20.24,-13.09,5.89,ta,True Autumn
4,0,"(76.25, 16.28, 29.77)",76.25,16.28,29.77,ta,True Autumn
4,1,"(67.97, 21.95, 24.03)",67.97,21.95,24.03,ta,True Autumn
4,2,"(49.26, 26.36, 20.53)",49.26,26.36,20.53,ta,True Autumn
4,3,"(36.69, 25.83, 13.58)",36.69,25.83,13.58,ta,True Autumn
4,4,"(19.77, 13.86, 4.45)",19.77,13.86,4.45,ta,True Autumn
4,5,"(65.62, -29.59, -13.64)",65.62,-29.59,-13.64,ta,True Autumn
4,6,"(46.09, -23.62, -9.62)",46.09,-23.62,-9.62,ta,True Autumn
4,7,"(67.76, -24.36, -19.19)",67.76,-24.36,-19.19,ta,True Autumn
4,8,"(44.04, -17.66, -17.8)",44.04,-17.66,-17.8,ta,True Autumn
4,9,"(27.5, -11.56, -11.84)",27.5,-11.56,-11.84,ta,True Autumn
5,0,"(81.16, 8.02, 52.52)",81.16,8.02,52.52,ta,True Autumn
5,1,"(77.15, 17.09, 49.3)",77.15,17.09,49.3,ta,True Autumn
5,2,"(70.23, 12.02, 44.78)",70.23,12.02,44.78,ta,True Autumn
5,3,"(57.52, 13.41, 38.41)",57.52,13.41,38.41,ta,True Autumn
5,4,"(35.22, 7.42, 21.42)",35.22,7.42,21.42,ta,True Autumn
5,5,"(52.4, 0.56, -28.06)",52.4,0.56,-28.06,ta,True Autumn
5,6,"(28.99, 7.38, -26.7)",28.99,7.38,-26.7,ta,True Autumn
5,7,"(42.4, 17.41, -22.33)",42.4,17.41,-22.33,ta,True Autumn
5,8,"(25.87, 12.14, -14.73)",25.87,12.14,-14.73,ta,True Autumn
6,0,"(71.5, 26.55, 42.94)",71.5,26.55,42.94,ta,True Autumn
6,1,"(61.34, 32.25, 43.05)",61.34,32.25,43.05,ta,True Autumn
6,2,"(59.41, 40.11, 39.91)",59.41,40.11,39.91,ta,True Autumn
6,3,"(45.55, 44.89, 32.05)",45.55,44.89,32.05,ta,True Autumn
6,4,"(31.57, 34.61, 18.7)",31.57,34.61,18.7,ta,True Autumn
0,0,"(86.19, 1.75, 12.19)",86.19,1.75,12.19,da,Dark Autumn
0,1,"(76.87, 3.28, 14.7)",76.87,3.28,14.7,da,Dark Autumn
0,2,"(84.89, 3.19, 19.88)",84.89,3.19,19.88,da,Dark Autumn
0,3,"(83.58, 6.61, 22.83)",83.58,6.61,22.83,da,Dark Autumn
0,4,"(71.72, 7.16, 25.33)",71.72,7.16,25.33,da,Dark Autumn
0,5,"(57.39, 40.72, 22.61)",57.39,40.72,22.61,da,Dark Autumn
0,6,"(50.37, 61.2, 27.02)",50.37,61.2,27.02,da,Dark Autumn
0,7,"(43.72, 55.69, 19.78)",43.72,55.69,19.78,da,Dark Autumn
0,8,"(36.89, 48.78, 14.67)",36.89,48.78,14.67,da,Dark Autumn
0,9,"(18.75, 20.33, 3.8)",18.75,20.33,3.8,da,Dark Autumn
1,0,"(85.9, -2.14, 21.2)",85.9,-2.14,21.2,da,Dark Autumn
1,1,"(83.88, -8.67, 22.88)",83.88,-8.67,22.88,da,Dark Autumn
1,2,"(86.9, 0.28, 27.38)",86.9,0.28,27.38,da,Dark Autumn
1,3,"(82.72, 18.8, 13.38)",82.72,18.8,13.38,da,Dark Autumn
1,4,"(80.7, -18.59, -3.25)",80.7,-18.59,-3.25,da,Dark Autumn
1,5,"(73.38, -16.86, 25.94)",73.38,-16.86,25.94,da,Dark Autumn
1,6,"(74.21, -19.52, 41.25)",74.21,-19.52,41.25,da,Dark Autumn
1,7,"(61.76, -16.31, 33.38)",61.76,-16.31,33.38,da,Dark Autumn
1,8,"(41.72, -11.16, 25.34)",41.72,-11.16,25.34,da,Dark Autumn
1,9,"(19.57, -3.75, 3.75)",19.57,-3.75,3.75,da,Dark Autumn
2,0,"(77.29, 1.39, 3.89)",77.29,1.39,3.89,da,Dark Autumn
2,1,"(56.35, 1.52, 4.16)",56.35,1.52,4.16,da,Dark Autumn
2,2,"(34.56, 2.72, 2.95)",34.56,2.72,2.95,da,Dark Autumn
2,3,"(62.18, 4.56, 10.5)",62.18,4.56,10.5,da,Dark Autumn
2,4,"(34.25, 6.88, 1.92)",34.25,6.88,1.92,da,Dark Autumn
2,5,"(73.06, -33.8, -7.92)",73.06,-33.8,-7.92,da,Dark Autumn
2,6,"(59.83, -32.83, -4.98)",59.83,-32.83,-4.98,da,Dark Autumn
2,7,"(55.87, -30.33, 1.14)",55.87,-30.33,1.14,da,Dark Autumn
2,8,"(38.45, -23.91, 4.42)",38.45,-23.91,4.42,da,Dark Autumn
2,9,"(22.81, -12.84, -0.47)",22.81,-12.84,-0.47,da,Dark Autumn
3,0,"(18.71, 9.45, -3.53)",18.71,9.45,-3.53,da,Dark Autumn
3,1,"(20.03, -10.72, -0.5)",20.03,-10.72,-0.5,da,Dark Autumn
3,2,"(21.58, 3.39, -21.66)",21.58,3.39,-21.66,da,Dark Autumn
3,3,"(21.58, 3.39, -21.66)",21.58,3.39,-21.66,da,Dark Autumn
3,4,"(14.65, 0.09, 0.05)",14.65,0.09,0.05,da,Dark Autumn
3,5,"(70.21, -20.72, -18.11)",70.21,-20.72,-18.11,da,Dark Autumn
3,6,"(58.25, -20.34, -24.31)",58.25,-20.34,-24.31,da,Dark Autumn
3,7,"(44.6, -16.23, -19.89)",44.6,-16.23,-19.89,da,Dark Autumn
3,8,"(39.01, -17.19, -14.33)",39.01,-17.19,-14.33,da,Dark Autumn
3,9,"(24.63, -15.09, -1.12)",24.63,-15.09,-1.12,da,Dark Autumn
4,0,"(82.5, 8.31, 40.14)",82.5,8.31,40.14,da,Dark Autumn
4,1,"(72.61, 6.75, 39.52)",72.61,6.75,39.52,da,Dark Autumn
4,2,"(61.36, 10.61, 32.64)",61.36,10.61,32.64,da,Dark Autumn
4,3,"(73.92, 19.8, 33.31)",73.92,19.8,33.31,da,Dark Autumn
4,4,"(57.76, 25.53, 25.48)",57.76,25.53,25.48,da,Dark Autumn
4,5,"(73.6, 22.2, -5.64)",73.6,22.2,-5.64,da,Dark Autumn
4,6,"(58.69, 35.11, -7.88)",58.69,35.11,-7.88,da,Dark Autumn
4,7,"(44.25, 37.25, -7.19)",44.25,37.25,-7.19,da,Dark Autumn
4,8,"(30.33, 29.55, -4.83)",30.33,29.55,-4.83,da,Dark Autumn
4,9,"(25.9, -2.28, -18.81)",25.9,-2.28,-18.81,da,Dark Autumn
5,0,"(68.49, 43.34, 16.2)",68.49,43.34,16.2,da,Dark Autumn
5,1,"(51.6, 52.75, 21.84)",51.6,52.75,21.84,da,Dark Autumn
5,2,"(64.41, 38.22, 29.55)",64.41,38.22,29.55,da,Dark Autumn
5,3,"(53.51, 34.19, 23.86)",53.51,34.19,23.86,da,Dark Autumn
5,4,"(30.1, 26.34, 12.44)",30.1,26.34,12.44,da,Dark Autumn
5,5,"(56.82, -0.45, 29.48)",56.82,-0.45,29.48,da,Dark Autumn
5,6,"(48.54, 0.56, 26.22)",48.54,0.56,26.22,da,Dark Autumn
5,7,"(29.43, -0.27, 13.92)",29.43,-0.27,13.92,da,Dark Autumn
5,8,"(71.37, 0.03, -1.14)",71.37,0.03,-1.14,da,Dark Autumn
5,9,"(80.68, 6.27, 47.47)",80.68,6.27,47.47,da,Dark Autumn
6,0,"(71.01, 36.39, 17.45)",71.01,36.39,17.45,da,Dark Autumn
6,1,"(64.85, 43.48, 24.19)",64.85,43.48,24.19,da,Dark Autumn
6,2,"(50.94, 45.52, 23.0)",50.94,45.52,23.0,da,Dark Autumn
6,3,"(39.33, 39.72, 14.09)",39.33,39.72,14.09,da,Dark Autumn
6,4,"(26.94, 32.06, 11.39)",26.94,32.06,11.39,da,Dark Autumn
0,0,"(100.0, 0.0, 0.0)",100.0,0.0,0.0,cw,Clear Winter
0,1,"(89.61, -1.39, 6.08)",89.61,-1.39,6.08,cw,Clear Winter
0,2,"(81.74, -1.41, 3.97)",81.74,-1.41,3.97,cw,Clear Winter
0,3,"(64.67, -0.38, 2.22)",64.67,-0.38,2.22,cw,Clear Winter
0,4,"(39.47, 0.2, 3.3)",39.47,0.2,3.3,cw,Clear Winter
0,5,"(64.34, 50.67, -23.38)",64.34,50.67,-23.38,cw,Clear Winter
0,6,"(42.63, 47.75, -26.95)",42.63,47.75,-26.95,cw,Clear Winter
0,7,"(28.27, 34.33, -25.58)",28.27,34.33,-25.58,cw,Clear Winter
0,8,"(38.09, 27.2, -40.61)",38.09,27.2,-40.61,cw,Clear Winter
0,9,"(22.72, 19.41, -36.09)",22.72,19.41,-36.09,cw,Clear Winter
1,0,"(83.55, -0.86, 0.25)",83.55,-0.86,0.25,cw,Clear Winter
1,1,"(76.75, -2.42, 0.28)",76.75,-2.42,0.28,cw,Clear Winter
1,2,"(64.99, -4.16, 1.5)",64.99,-4.16,1.5,cw,Clear Winter
1,3,"(27.34, -2.41, -0.83)",27.34,-2.41,-0.83,cw,Clear Winter
1,4,"(6.43, 0.0, 0.0)",6.43,0.0,0.0,cw,Clear Winter
1,5,"(75.32, -55.09, 26.2)",75.32,-55.09,26.2,cw,Clear Winter
1,6,"(60.63, -53.84, 32.52)",60.63,-53.84,32.52,cw,Clear Winter
1,7,"(37.25, -34.33, 17.08)",37.25,-34.33,17.08,cw,Clear Winter
1,8,"(61.63, -39.14, 0.44)",61.63,-39.14,0.44,cw,Clear Winter
1,9,"(31.41, -20.83, -1.52)",31.41,-20.83,-1.52,cw,Clear Winter
2,0,"(90.32, -5.44, 29.95)",90.32,-5.44,29.95,cw,Clear Winter
2,1,"(86.84, 13.09, 5.44)",86.84,13.09,5.44,cw,Clear Winter
2,2,"(87.25, -17.64, -1.94)",87.25,-17.64,-1.94,cw,Clear Winter
2,3,"(88.37, 19.33, -7.55)",88.37,19.33,-7.55,cw,Clear Winter
2,4,"(84.96, 7.3, -12.95)",84.96,7.3,-12.95,cw,Clear Winter
2,5,"(78.44, -31.95, -16.53)",78.44,-31.95,-16.53,cw,Clear Winter
2,6,"(59.73, -29.86, -11.92)",59.73,-29.86,-11.92,cw,Clear Winter
2,7,"(74.68, -22.39, -28.16)",74.68,-22.39,-28.16,cw,Clear Winter
2,8,"(61.65, -16.2, -33.06)",61.65,-16.2,-33.06,cw,Clear Winter
2,9,"(37.46, -9.84, -24.34)",37.46,-9.84,-24.34,cw,Clear Winter
3,0,"(87.9, -5.2, 51.92)",87.9,-5.2,51.92,cw,Clear Winter
3,1,"(87.8, 0.67, 56.72)",87.8,0.67,56.72,cw,Clear Winter
3,2,"(84.52, 5.14, 57.03)",84.52,5.14,57.03,cw,Clear Winter
3,3,"(79.73, -32.33, 57.41)",79.73,-32.33,57.41,cw,Clear Winter
3,4,"(63.4, -26.86, 40.77)",63.4,-26.86,40.77,cw,Clear Winter
3,5,"(70.81, -9.39, -29.12)",70.81,-9.39,-29.12,cw,Clear Winter
3,6,"(34.92, 15.14, -47.69)",34.92,15.14,-47.69,cw,Clear Winter
3,7,"(59.8, -1.38, -35.81)",59.8,-1.38,-35.81,cw,Clear Winter
3,8,"(37.57, 12.25, -48.19)",37.57,12.25,-48.19,cw,Clear Winter
3,9,"(20.65, 9.22, -30.41)",20.65,9.22,-30.41,cw,Clear Winter
4,0,"(65.89, 46.88, 15.91)",65.89,46.88,15.91,cw,Clear Winter
4,1,"(54.71, 59.5, 24.75)",54.71,59.5,24.75,cw,Clear Winter
4,2,"(48.0, 60.69, 32.64)",48.0,60.69,32.64,cw,Clear Winter
4,3,"(51.53, 62.55, 10.66)",51.53,62.55,10.66,cw,Clear Winter
4,4,"(35.78, 48.38, 9.81)",35.78,48.38,9.81,cw,Clear Winter
4,5,"(53.16, 8.75, -42.89)",53.16,8.75,-42.89,cw,Clear Winter
4,6,"(34.92, 15.14, -47.69)",34.92,15.14,-47.69,cw,Clear Winter
4,7,"(18.76, 7.95, -25.48)",18.76,7.95,-25.48,cw,Clear Winter
4,8,"(13.69, 6.2, 0.91)",13.69,6.2,0.91,cw,Clear Winter
4,9,"(11.99, 3.36, -0.25)",11.99,3.36,-0.25,cw,Clear Winter
5,0,"(65.79, 52.02, -2.36)",65.79,52.02,-2.36,cw,Clear Winter
5,1,"(53.19, 59.5, 10.03)",53.19,59.5,10.03,cw,Clear Winter
5,2,"(55.56, 60.5, 14.19)",55.56,60.5,14.19,cw,Clear Winter
5,3,"(46.04, 63.12, 23.44)",46.04,63.12,23.44,cw,Clear Winter
5,4,"(30.34, 42.28, 12.72)",30.34,42.28,12.72,cw,Clear Winter
5,5,"(55.69, 20.16, -37.0)",55.69,20.16,-37.0,cw,Clear Winter
5,6,"(41.75, 23.0, -41.3)",41.75,23.0,-41.3,cw,Clear Winter
5,7,"(18.59, 13.58, -29.73)",18.59,13.58,-29.73,cw,Clear Winter
6,0,"(66.15, 54.36, -15.95)",66.15,54.36,-15.95,cw,Clear Winter
6,1,"(50.2, 58.09, -15.92)",50.2,58.09,-15.92,cw,Clear Winter
6,2,"(32.95, 45.11, -17.27)",32.95,45.11,-17.27,cw,Clear Winter
6,3,"(45.14, 60.48, -5.89)",45.14,60.48,-5.89,cw,Clear Winter
6,4,"(24.95, 34.45, -7.11)",24.95,34.45,-7.11,cw,Clear Winter
0,0,"(97.12, 0.36, -0.95)",97.12,0.36,-0.95,tw,True Winter
0,1,"(30.77, 2.83, 4.38)",30.77,2.83,4.38,tw,True Winter
0,2,"(21.15, 0.11, -1.39)",21.15,0.11,-1.39,tw,True Winter
0,3,"(94.31, -5.25, 36.02)",94.31,-5.25,36.02,tw,True Winter
0,4,"(44.35, 57.0, 7.06)",44.35,57.0,7.06,tw,True Winter
0,5,"(63.5, -44.95, 27.55)",63.5,-44.95,27.55,tw,True Winter
0,6,"(37.07, -27.48, 1.11)",37.07,-27.48,1.11,tw,True Winter
0,7,"(47.09, -0.03, -42.34)",47.09,-0.03,-42.34,tw,True Winter
0,8,"(29.77, 6.0, -21.64)",29.77,6.0,-21.64,tw,True Winter
0,9,"(33.01, 17.12, -23.31)",33.01,17.12,-23.31,tw,True Winter
1,0,"(92.59, -0.53, 5.8)",92.59,-0.53,5.8,tw,True Winter
1,1,"(31.54, 12.84, 3.8)",31.54,12.84,3.8,tw,True Winter
1,2,"(87.3, 14.59, -3.94)",87.3,14.59,-3.94,tw,True Winter
1,3,"(93.24, -8.47, 55.05)",93.24,-8.47,55.05,tw,True Winter
1,4,"(34.49, 56.97, 8.84)",34.49,56.97,8.84,tw,True Winter
1,5,"(50.01, -42.7, 20.34)",50.01,-42.7,20.34,tw,True Winter
1,6,"(65.89, -32.44, -14.38)",65.89,-32.44,-14.38,tw,True Winter
1,7,"(61.06, 1.66, -29.86)",61.06,1.66,-29.86,tw,True Winter
1,8,"(28.03, 10.2, -14.64)",28.03,10.2,-14.64,tw,True Winter
1,9,"(22.6, 19.3, -23.83)",22.6,19.3,-23.83,tw,True Winter
2,0,"(87.8, 0.0, 6.59)",87.8,0.0,6.59,tw,True Winter
2,1,"(22.83, 10.34, 2.72)",22.83,10.34,2.72,tw,True Winter
2,2,"(87.92, -9.94, 8.69)",87.92,-9.94,8.69,tw,True Winter
2,3,"(92.57, -8.7, 61.31)",92.57,-8.7,61.31,tw,True Winter
2,4,"(60.95, 52.36, -8.06)",60.95,52.36,-8.06,tw,True Winter
2,5,"(42.89, -29.75, 10.11)",42.89,-29.75,10.11,tw,True Winter
2,6,"(46.9, -22.39, -15.22)",46.9,-22.39,-15.22,tw,True Winter
2,7,"(41.96, 9.77, -41.7)",41.96,9.77,-41.7,tw,True Winter
2,8,"(26.33, 1.91, -18.73)",26.33,1.91,-18.73,tw,True Winter
2,9,"(57.97, 41.42, -13.5)",57.97,41.42,-13.5,tw,True Winter
3,0,"(61.98, 5.98, 4.55)",61.98,5.98,4.55,tw,True Winter
3,1,"(83.7, -0.36, 2.09)",83.7,-0.36,2.09,tw,True Winter
3,2,"(87.32, -9.48, -4.86)",87.32,-9.48,-4.86,tw,True Winter
3,3,"(91.21, -8.75, 66.2)",91.21,-8.75,66.2,tw,True Winter
3,4,"(47.93, 57.16, -3.48)",47.93,57.16,-3.48,tw,True Winter
3,5,"(33.45, -22.19, 5.89)",33.45,-22.19,5.89,tw,True Winter
3,6,"(75.39, -14.67, -25.88)",75.39,-14.67,-25.88,tw,True Winter
3,7,"(35.22, 13.62, -43.58)",35.22,13.62,-43.58,tw,True Winter
3,8,"(30.74, 15.62, -25.7)",30.74,15.62,-25.7,tw,True Winter
3,9,"(43.4, 41.28, -17.92)",43.4,41.28,-17.92,tw,True Winter
4,0,"(48.45, 5.44, 6.95)",48.45,5.44,6.95,tw,True Winter
4,1,"(76.29, -1.22, 1.27)",76.29,-1.22,1.27,tw,True Winter
4,2,"(87.66, -3.53, -10.59)",87.66,-3.53,-10.59,tw,True Winter
4,3,"(47.13, 62.27, 21.88)",47.13,62.27,21.88,tw,True Winter
4,4,"(45.97, 54.11, -10.58)",45.97,54.11,-10.58,tw,True Winter
4,5,"(26.98, -20.39, 4.89)",26.98,-20.39,4.89,tw,True Winter
4,6,"(55.4, -15.78, -30.45)",55.4,-15.78,-30.45,tw,True Winter
4,7,"(23.07, 9.08, -35.61)",23.07,9.08,-35.61,tw,True Winter
4,8,"(53.99, 23.48, -25.84)",53.99,23.48,-25.84,tw,True Winter
4,9,"(31.63, 33.72, -13.78)",31.63,33.72,-13.78,tw,True Winter
5,0,"(64.27, 4.3, 5.66)",64.27,4.3,5.66,tw,True Winter
5,1,"(60.44, -2.14, -0.75)",60.44,-2.14,-0.75,tw,True Winter
5,2,"(86.72, 1.95, -9.83)",86.72,1.95,-9.83,tw,True Winter
5,3,"(40.62, 64.48, 15.64)",40.62,64.48,15.64,tw,True Winter
5,4,"(40.7, 42.8, -6.39)",40.7,42.8,-6.39,tw,True Winter
5,5,"(62.74, -42.94, 8.72)",62.74,-42.94,8.72,tw,True Winter
5,6,"(45.88, -14.5, -25.61)",45.88,-14.5,-25.61,tw,True Winter
5,7,"(24.13, 9.5, -18.19)",24.13,9.5,-18.19,tw,True Winter
5,8,"(40.26, 30.94, -25.53)",40.26,30.94,-25.53,tw,True Winter
5,9,"(28.69, 21.97, -8.19)",28.69,21.97,-8.19,tw,True Winter
6,0,"(51.55, 3.67, 3.78)",51.55,3.67,3.78,tw,True Winter
6,1,"(37.94, -2.39, -2.77)",37.94,-2.39,-2.77,tw,True Winter
6,2,"(88.93, 12.31, -2.05)",88.93,12.31,-2.05,tw,True Winter
6,3,"(36.44, 58.8, 13.12)",36.44,58.8,13.12,tw,True Winter
6,4,"(33.58, 28.28, -6.33)",33.58,28.28,-6.33,tw,True Winter
6,5,"(50.87, -37.75, 10.78)",50.87,-37.75,10.78,tw,True Winter
6,6,"(64.16, -6.88, -31.8)",64.16,-6.88,-31.8,tw,True Winter
6,7,"(36.35, 4.53, -29.64)",36.35,4.53,-29.64,tw,True Winter
6,8,"(40.01, 18.45, -34.58)",40.01,18.45,-34.58,tw,True Winter
6,9,"(16.05, 24.77, -7.36)",16.05,24.77,-7.36,tw,True Winter
0,0,"(100.0, 0.0, 0.0)",100.0,0.0,0.0,dw,Dark Winter
0,1,"(87.71, -0.19, 4.88)",87.71,-0.19,4.88,dw,Dark Winter
0,2,"(78.81, -1.77, 5.0)",78.81,-1.77,5.0,dw,Dark Winter
0,3,"(63.25, -0.19, 4.05)",63.25,-0.19,4.05,dw,Dark Winter
0,4,"(44.3, 1.61, 4.36)",44.3,1.61,4.36,dw,Dark Winter
0,5,"(63.86, -49.47, 18.23)",63.86,-49.47,18.23,dw,Dark Winter
0,6,"(33.17, -27.44, 8.53)",33.17,-27.44,8.53,dw,Dark Winter
0,7,"(22.2, -14.02, 0.64)",22.2,-14.02,0.64,dw,Dark Winter
0,8,"(18.46, -4.89, 5.55)",18.46,-4.89,5.55,dw,Dark Winter
0,9,"(14.81, 6.52, 3.28)",14.81,6.52,3.28,dw,Dark Winter
1,0,"(83.81, -1.16, -0.97)",83.81,-1.16,-0.97,dw,Dark Winter
1,1,"(80.41, -2.03, -0.7)",80.41,-2.03,-0.7,dw,Dark Winter
1,2,"(64.73, -1.61, 0.03)",64.73,-1.61,0.03,dw,Dark Winter
1,3,"(28.12, -2.7, -2.3)",28.12,-2.7,-2.3,dw,Dark Winter
1,4,"(0.0, 0.0, 0.0)",0.0,0.0,0.0,dw,Dark Winter
1,5,"(71.57, -43.06, 1.73)",71.57,-43.06,1.73,dw,Dark Winter
1,6,"(38.01, -26.45, 0.66)",38.01,-26.45,0.66,dw,Dark Winter
1,7,"(57.44, -24.08, -18.78)",57.44,-24.08,-18.78,dw,Dark Winter
1,8,"(41.89, -19.22, -14.8)",41.89,-19.22,-14.8,dw,Dark Winter
1,9,"(21.39, -9.7, -6.61)",21.39,-9.7,-6.61,dw,Dark Winter
2,0,"(90.41, -6.94, 32.59)",90.41,-6.94,32.59,dw,Dark Winter
2,1,"(85.31, 11.61, 1.53)",85.31,11.61,1.53,dw,Dark Winter
2,2,"(86.24, -15.94, 1.34)",86.24,-15.94,1.34,dw,Dark Winter
2,3,"(82.73, -10.17, -12.91)",82.73,-10.17,-12.91,dw,Dark Winter
2,4,"(79.71, 3.67, -17.31)",79.71,3.67,-17.31,dw,Dark Winter
2,5,"(70.68, -18.58, -26.7)",70.68,-18.58,-26.7,dw,Dark Winter
2,6,"(47.8, -11.55, -30.22)",47.8,-11.55,-30.22,dw,Dark Winter
2,7,"(30.35, -8.42, -19.61)",30.35,-8.42,-19.61,dw,Dark Winter
2,8,"(41.98, -5.92, -31.7)",41.98,-5.92,-31.7,dw,Dark Winter
2,9,"(19.42, -1.78, -14.34)",19.42,-1.78,-14.34,dw,Dark Winter
3,0,"(90.39, -7.05, 56.41)",90.39,-7.05,56.41,dw,Dark Winter
3,1,"(84.94, 4.08, 52.34)",84.94,4.08,52.34,dw,Dark Winter
3,2,"(80.6, 7.44, 48.41)",80.6,7.44,48.41,dw,Dark Winter
3,3,"(71.37, -37.2, 48.73)",71.37,-37.2,48.73,dw,Dark Winter
3,4,"(39.45, -25.17, 28.62)",39.45,-25.17,28.62,dw,Dark Winter
3,5,"(70.1, -11.02, -30.27)",70.1,-11.02,-30.27,dw,Dark Winter
3,6,"(41.75, -1.72, -36.8)",41.75,-1.72,-36.8,dw,Dark Winter
3,7,"(60.51, 8.89, -51.89)",60.51,8.89,-51.89,dw,Dark Winter
3,8,"(34.15, 6.22, -38.69)",34.15,6.22,-38.69,dw,Dark Winter
3,9,"(18.45, 3.66, -20.59)",18.45,3.66,-20.59,dw,Dark Winter
4,0,"(47.49, 61.73, 24.19)",47.49,61.73,24.19,dw,Dark Winter
4,1,"(54.57, 60.2, 19.25)",54.57,60.2,19.25,dw,Dark Winter
4,2,"(66.66, 51.86, 2.95)",66.66,51.86,2.95,dw,Dark Winter
4,3,"(53.42, 60.67, 9.22)",53.42,60.67,9.22,dw,Dark Winter
4,4,"(28.2, 39.39, 8.12)",28.2,39.39,8.12,dw,Dark Winter
4,5,"(62.82, 23.22, -21.12)",62.82,23.22,-21.12,dw,Dark Winter
4,6,"(50.67, 30.28, -22.2)",50.67,30.28,-22.2,dw,Dark Winter
4,7,"(24.31, 22.86, -15.05)",24.31,22.86,-15.05,dw,Dark Winter
4,8,"(14.42, 8.45, -9.5)",14.42,8.45,-9.5,dw,Dark Winter
4,9,"(12.78, 8.31, -0.42)",12.78,8.31,-0.42,dw,Dark Winter
5,0,"(39.39, 56.8, 24.3)",39.39,56.8,24.3,dw,Dark Winter
5,1,"(32.23, 46.08, 13.62)",32.23,46.08,13.62,dw,Dark Winter
5,2,"(35.35, 48.61, 22.7)",35.35,48.61,22.7,dw,Dark Winter
5,3,"(26.29, 36.42, 10.61)",26.29,36.42,10.61,dw,Dark Winter
5,4,"(21.18, 26.28, 4.08)",21.18,26.28,4.08,dw,Dark Winter
5,5,"(65.17, 43.83, -0.64)",65.17,43.83,-0.64,dw,Dark Winter
5,6,"(35.54, 40.7, 3.41)",35.54,40.7,3.41,dw,Dark Winter
5,7,"(14.97, 12.5, -0.66)",14.97,12.5,-0.66,dw,Dark Winter
6,0,"(61.51, 50.72, 16.19)",61.51,50.72,16.19,dw,Dark Winter
6,1,"(52.01, 60.27, 22.72)",52.01,60.27,22.72,dw,Dark Winter
6,2,"(29.97, 40.17, 14.73)",29.97,40.17,14.73,dw,Dark Winter
6,3,"(23.48, 28.03, 10.98)",23.48,28.03,10.98,dw,Dark Winter
6,4,"(14.43, 8.69, 3.52)",14.43,8.69,3.52,dw,Dark Winter
